Pregnancies,Glucose,Insulin,BMI,Age,Outcome
6,148,0,33.6,50,1
1,85,0,26.6,31,0
8,183,0,23.3,32,1
1,89,94,28.1,21,0
0,137,168,43.1,33,1
5,116,0,25.6,30,0
3,78,88,31,26,1
10,115,0,35.3,29,0
2,197,543,30.5,53,1
8,125,0,0,54,1
4,110,0,37.6,30,0
10,168,0,38,34,1
10,139,0,27.1,57,0
1,189,846,30.1,59,1
5,166,175,25.8,51,1
7,100,0,30,32,1
0,118,230,45.8,31,1
7,107,0,29.6,31,1
1,103,83,43.3,33,0
1,115,96,34.6,32,1
3,126,235,39.3,27,0
8,99,0,35.4,50,0
7,196,0,39.8,41,1
9,119,0,29,29,1
11,143,146,36.6,51,1
10,125,115,31.1,41,1
7,147,0,39.4,43,1
1,97,140,23.2,22,0
13,145,110,22.2,57,0
5,117,0,34.1,38,0
5,109,0,36,60,0
3,158,245,31.6,28,1
3,88,54,24.8,22,0
6,92,0,19.9,28,0
10,122,0,27.6,45,0
4,103,192,24,33,0
11,138,0,33.2,35,0
9,102,0,32.9,46,1
2,90,0,38.2,27,1
4,111,207,37.1,56,1
3,180,70,34,26,0
7,133,0,40.2,37,0
7,106,0,22.7,48,0
9,171,240,45.4,54,1
7,159,0,27.4,40,0
0,180,0,42,25,1
1,146,0,29.7,29,0
2,71,0,28,22,0
7,103,0,39.1,31,1
7,105,0,0,24,0
1,103,82,19.4,22,0
1,101,36,24.2,26,0
5,88,23,24.4,30,0
8,176,300,33.7,58,1
7,150,342,34.7,42,0
1,73,0,23,21,0
7,187,304,37.7,41,1
0,100,110,46.8,31,0
0,146,0,40.5,44,0
0,105,142,41.5,22,0
2,84,0,0,21,0
8,133,0,32.9,39,1
5,44,0,25,36,0
2,141,128,25.4,24,0
7,114,0,32.8,42,1
5,99,0,29,32,0
0,109,0,32.5,38,1
2,109,0,42.7,54,0
1,95,38,19.6,25,0
4,146,100,28.9,27,0
2,100,90,32.9,28,1
5,139,140,28.6,26,0
13,126,0,43.4,42,1
4,129,270,35.1,23,0
1,79,0,32,22,0
1,0,0,24.7,22,0
7,62,0,32.6,41,0
5,95,0,37.7,27,0
0,131,0,43.2,26,1
2,112,0,25,24,0
3,113,0,22.4,22,0
2,74,0,0,22,0
7,83,71,29.3,36,0
0,101,0,24.6,22,0
5,137,0,48.8,37,1
2,110,125,32.4,27,0
13,106,0,36.6,45,0
2,100,71,38.5,26,0
15,136,110,37.1,43,1
1,107,0,26.5,24,0
1,80,0,19.1,21,0
4,123,176,32,34,0
7,81,48,46.7,42,0
4,134,0,23.8,60,1
2,142,64,24.7,21,0
6,144,228,33.9,40,0
2,92,0,31.6,24,0
1,71,76,20.4,22,0
6,93,64,28.7,23,0
1,122,220,49.7,31,1
1,163,0,39,33,1
1,151,0,26.1,22,0
0,125,0,22.5,21,0
1,81,40,26.6,24,0
2,85,0,39.6,27,0
1,126,152,28.7,21,0
1,96,0,22.4,27,0
4,144,140,29.5,37,0
3,83,18,34.3,25,0
0,95,36,37.4,24,1
3,171,135,33.3,24,1
8,155,495,34,46,1
1,89,37,31.2,23,0
4,76,0,34,25,0
7,160,175,30.5,39,1
4,146,0,31.2,61,1
5,124,0,34,38,1
5,78,0,33.7,25,0
4,97,0,28.2,22,0
4,99,51,23.2,21,0
0,162,100,53.2,25,1
6,111,0,34.2,24,0
2,107,100,33.6,23,0
5,132,0,26.8,69,0
0,113,0,33.3,23,1
1,88,99,55,26,1
3,120,135,42.9,30,0
1,118,94,33.3,23,0
1,117,145,34.5,40,1
0,105,0,27.9,62,1
4,173,168,29.7,33,1
9,122,0,33.3,33,1
3,170,225,34.5,30,1
8,84,0,38.3,39,0
2,96,49,21.1,26,0
2,125,140,33.8,31,0
0,100,50,30.8,21,0
0,93,92,28.7,22,0
0,129,0,31.2,29,0
5,105,325,36.9,28,0
3,128,0,21.1,55,0
5,106,0,39.5,38,0
2,108,63,32.5,22,0
10,108,0,32.4,42,1
4,154,284,32.8,23,0
0,102,0,0,21,0
9,57,0,32.8,41,0
2,106,119,30.5,34,0
5,147,0,33.7,65,0
2,90,0,27.3,22,0
1,136,204,37.4,24,0
4,114,0,21.9,37,0
9,156,155,34.3,42,1
1,153,485,40.6,23,0
8,188,0,47.9,43,1
7,152,0,50,36,1
2,99,94,24.6,21,0
1,109,135,25.2,23,0
2,88,53,29,22,0
17,163,114,40.9,47,1
4,151,0,29.7,36,0
7,102,105,37.2,45,0
0,114,285,44.2,27,0
2,100,0,29.7,21,0
0,131,0,31.6,32,1
6,104,156,29.9,41,1
3,148,0,32.5,22,0
4,120,0,29.6,34,0
4,110,0,31.9,29,0
3,111,78,28.4,29,0
6,102,0,30.8,36,1
6,134,130,35.4,29,1
2,87,0,28.9,25,0
1,79,48,43.5,23,0
2,75,55,29.7,33,0
8,179,130,32.7,36,1
6,85,0,31.2,42,0
0,129,130,67.1,26,1
5,143,0,45,47,0
5,130,0,39.1,37,1
6,87,0,23.2,32,0
0,119,92,34.9,23,0
1,0,23,27.7,21,0
5,73,0,26.8,27,0
4,141,0,27.6,40,0
7,194,0,35.9,41,1
8,181,495,30.1,60,1
1,128,58,32,33,1
8,109,114,27.9,31,1
5,139,160,31.6,25,1
3,111,0,22.6,21,0
9,123,94,33.1,40,0
7,159,0,30.4,36,1
11,135,0,52.3,40,1
8,85,0,24.4,42,0
5,158,210,39.4,29,1
1,105,0,24.3,21,0
3,107,48,22.9,23,1
4,109,99,34.8,26,1
4,148,318,30.9,29,1
0,113,0,31,21,0
1,138,0,40.1,28,0
0,108,0,27.3,32,0
2,99,44,20.4,27,0
6,103,190,37.7,55,0
5,111,0,23.9,27,0
8,196,280,37.5,57,1
5,162,0,37.7,52,1
1,96,87,33.2,21,0
7,184,0,35.5,41,1
2,81,0,27.7,25,0
0,147,0,42.8,24,0
7,179,0,34.2,60,0
0,140,130,42.6,24,1
9,112,175,34.2,36,1
12,151,271,41.8,38,1
5,109,129,35.8,25,1
6,125,120,30,32,0
5,85,0,29,32,1
5,112,0,37.8,41,1
0,177,478,34.6,21,1
2,158,0,31.6,66,1
7,119,0,25.2,37,0
7,142,190,28.8,61,0
1,100,56,23.6,26,0
1,87,32,34.6,22,0
0,101,0,35.7,26,0
3,162,0,37.2,24,1
4,197,744,36.7,31,0
0,117,53,45.2,24,0
4,142,0,44,22,1
6,134,370,46.2,46,1
1,79,37,25.4,22,0
4,122,0,35,29,0
3,74,45,29.7,23,0
4,171,0,43.6,26,1
7,181,192,35.9,51,1
0,179,0,44.1,23,1
9,164,0,30.8,32,1
0,104,0,18.4,27,0
1,91,0,29.2,21,0
4,91,88,33.1,22,0
3,139,0,25.6,22,1
6,119,176,27.1,33,1
2,146,194,38.2,29,0
9,184,0,30,49,1
10,122,0,31.2,41,0
0,165,680,52.3,23,0
9,124,402,35.4,34,0
1,111,0,30.1,23,0
9,106,0,31.2,42,0
2,129,0,28,27,0
2,90,55,24.4,24,0
0,86,0,35.8,25,0
12,92,258,27.6,44,1
1,113,0,33.6,21,1
3,111,0,30.1,30,0
2,114,0,28.7,25,0
1,193,375,25.9,24,0
11,155,150,33.3,51,1
3,191,130,30.9,34,0
3,141,0,30,27,1
4,95,0,32.1,24,0
3,142,0,32.4,63,0
4,123,0,32,35,1
5,96,67,33.6,43,0
0,138,0,36.3,25,1
2,128,0,40,24,0
0,102,0,25.1,21,0
2,146,0,27.5,28,1
10,101,0,45.6,38,1
2,108,56,25.2,21,0
3,122,0,23,40,0
1,71,45,33.2,21,0
13,106,0,34.2,52,0
2,100,57,40.5,25,0
7,106,0,26.5,29,1
0,104,116,27.8,23,0
5,114,0,24.9,57,0
2,108,278,25.3,22,0
0,146,0,37.9,28,1
10,129,122,35.9,39,0
7,133,155,32.4,37,0
7,161,0,30.4,47,1
2,108,0,27,52,1
7,136,135,26,51,0
5,155,545,38.7,34,0
1,119,220,45.6,29,1
4,96,49,20.8,26,0
5,108,75,36.1,33,0
0,78,40,36.9,21,0
0,107,74,36.6,25,1
2,128,182,43.3,31,1
1,128,194,40.5,24,1
0,161,0,21.9,65,0
6,151,120,35.5,28,0
2,146,360,28,29,1
0,126,215,30.7,24,0
14,100,184,36.6,46,1
8,112,0,23.6,58,0
0,167,0,32.3,30,1
2,144,135,31.6,25,1
5,77,42,35.8,35,0
5,115,0,52.9,28,1
3,150,0,21,37,0
2,120,105,39.7,29,0
10,161,132,25.5,47,1
0,137,148,24.8,21,0
0,128,180,30.5,25,1
2,124,205,32.9,30,1
6,80,0,26.2,41,0
0,106,148,39.4,22,0
2,155,96,26.6,27,1
3,113,85,29.5,25,0
7,109,0,35.9,43,1
2,112,94,34.1,26,0
3,99,64,19.3,30,0
3,182,0,30.5,29,1
3,115,140,38.1,28,0
6,194,0,23.5,59,1
4,129,231,27.5,31,0
3,112,0,31.6,25,1
0,124,0,27.4,36,1
13,152,29,26.8,43,1
2,112,0,35.7,21,0
1,157,168,25.6,24,0
1,122,156,35.1,30,1
10,179,0,35.1,37,0
2,102,120,45.5,23,1
6,105,68,30.8,37,0
8,118,0,23.1,46,0
2,87,52,32.7,25,0
1,180,0,43.3,41,1
12,106,0,23.6,44,0
1,95,58,23.9,22,0
0,165,255,47.9,26,0
0,117,0,33.8,44,0
5,115,0,31.2,44,1
9,152,171,34.2,33,1
7,178,0,39.9,41,1
1,130,105,25.9,22,0
1,95,73,25.9,36,0
1,0,0,32,22,0
5,122,0,34.7,33,0
8,95,0,36.8,57,0
8,126,108,38.5,49,0
1,139,83,28.7,22,0
3,116,0,23.5,23,0
3,99,74,21.8,26,0
5,0,0,41,37,1
4,92,0,42.2,29,0
4,137,0,31.2,30,0
3,61,0,34.4,46,0
1,90,43,27.2,24,0
3,90,0,42.7,21,0
9,165,0,30.4,49,1
1,125,167,33.3,28,1
13,129,0,39.9,44,1
12,88,54,35.3,48,0
1,196,249,36.5,29,1
5,189,325,31.2,29,1
5,158,0,29.8,63,0
5,103,0,39.2,65,0
4,146,0,38.5,67,1
4,147,293,34.9,30,0
5,99,83,34,30,0
6,124,0,27.6,29,1
0,101,0,21,21,0
3,81,66,27.5,22,0
1,133,140,32.8,45,1
3,173,465,38.4,25,1
0,118,89,0,21,0
0,84,66,35.8,21,0
2,105,94,34.9,25,0
2,122,158,36.2,28,0
12,140,325,39.2,58,1
0,98,84,25.2,22,0
1,87,75,37.2,22,0
4,156,0,48.3,32,1
0,93,72,43.4,35,0
1,107,82,30.8,24,0
0,105,0,20,22,0
1,109,182,25.4,21,0
1,90,59,25.1,25,0
1,125,110,24.3,25,0
1,119,50,22.3,24,0
5,116,0,32.3,35,1
8,105,0,43.3,45,1
5,144,285,32,58,1
3,100,81,31.6,28,0
1,100,196,32,42,0
5,166,0,45.7,27,1
1,131,415,23.7,21,0
4,116,87,22.1,37,0
4,158,0,32.9,31,1
2,127,275,27.7,25,0
3,96,115,24.7,39,0
0,131,0,34.3,22,1
3,82,0,21.1,25,0
3,193,0,34.9,25,1
4,95,0,32,31,1
6,137,0,24.2,55,0
5,136,88,35,35,1
9,72,0,31.6,38,0
5,168,0,32.9,41,1
2,123,165,42.1,26,0
4,115,0,28.9,46,1
0,101,0,21.9,25,0
8,197,0,25.9,39,1
1,172,579,42.4,28,1
6,102,0,35.7,28,0
1,112,176,34.4,25,0
1,143,310,42.4,22,0
1,143,61,26.2,21,0
0,138,167,34.6,21,1
3,173,474,35.7,22,1
1,97,0,27.2,22,0
4,144,0,38.5,37,1
1,83,0,18.2,27,0
3,129,115,26.4,28,1
1,119,170,45.3,26,0
2,94,76,26,21,0
0,102,78,40.6,21,0
2,115,0,30.8,21,0
8,151,210,42.9,36,1
4,184,277,37,31,1
0,94,0,0,25,0
1,181,180,34.1,38,1
0,135,145,40.6,26,0
1,95,180,35,43,1
2,99,0,22.2,23,0
3,89,85,30.4,38,0
1,80,60,30,22,0
2,139,0,25.6,29,0
1,90,0,24.5,36,0
0,141,0,42.4,29,1
12,140,0,37.4,41,0
5,147,0,29.9,28,0
1,97,0,18.2,21,0
6,107,0,36.8,31,0
0,189,0,34.3,41,1
2,83,50,32.2,22,0
4,117,120,33.2,24,0
8,108,0,30.5,33,1
4,117,0,29.7,30,1
0,180,14,59.4,25,1
1,100,70,25.3,28,0
0,95,92,36.5,26,0
0,104,64,33.6,22,1
0,120,63,30.5,26,0
1,82,95,21.2,23,0
2,134,0,28.9,23,1
0,91,210,39.9,25,0
2,119,0,19.6,72,0
2,100,105,37.8,24,0
14,175,0,33.6,38,1
1,135,0,26.7,62,0
5,86,71,30.2,24,0
10,148,237,37.6,51,1
9,134,60,25.9,81,0
9,120,56,20.8,48,0
1,71,0,21.8,26,0
8,74,49,35.3,39,0
5,88,0,27.6,37,0
10,115,0,24,34,0
0,124,105,21.8,21,0
0,74,36,27.8,22,0
0,97,100,36.8,25,0
8,120,0,30,38,1
6,154,140,46.1,27,0
1,144,0,41.3,28,0
0,137,0,33.2,22,0
0,119,0,38.8,22,0
7,136,0,29.9,50,0
4,114,0,28.9,24,0
0,137,0,27.3,59,0
2,105,191,33.7,29,1
7,114,110,23.8,31,0
8,126,75,25.9,39,0
4,132,0,28,63,0
3,158,328,35.5,35,1
0,123,0,35.2,29,0
4,85,49,27.8,28,0
0,84,125,38.2,23,0
0,145,0,44.2,31,1
0,135,250,42.3,24,1
1,139,480,40.7,21,0
0,173,265,46.5,58,0
4,99,0,25.6,28,0
8,194,0,26.1,67,0
2,83,66,36.8,24,0
2,89,0,33.5,42,0
4,99,0,32.8,33,0
4,125,122,28.9,45,1
3,80,0,0,22,0
6,166,0,26.6,66,0
5,110,0,26,30,0
2,81,76,30.1,25,0
7,195,145,25.1,55,1
6,154,193,29.3,39,0
2,117,71,25.2,21,0
3,84,0,37.2,28,0
6,0,0,39,41,1
7,94,79,33.3,41,0
3,96,0,37.3,40,0
10,75,0,33.3,38,0
0,180,90,36.5,35,1
1,130,170,28.6,21,0
2,84,76,30.4,21,0
8,120,0,25,64,0
12,84,0,29.7,46,1
0,139,210,22.1,21,0
9,91,0,24.2,58,0
2,91,0,27.3,22,0
3,99,86,25.6,24,0
3,163,105,31.6,28,1
9,145,165,30.3,53,1
7,125,0,37.6,51,0
13,76,0,32.8,41,0
6,129,326,19.6,60,0
2,68,66,25,25,0
3,124,130,33.2,26,0
6,114,0,0,26,0
9,130,0,34.2,45,1
3,125,0,31.6,24,0
3,87,0,21.8,21,0
1,97,82,18.2,21,0
3,116,105,26.3,24,0
0,117,188,30.8,22,0
0,111,0,24.6,31,0
2,122,106,29.8,22,0
0,107,0,45.3,24,0
1,86,65,41.3,29,0
6,91,0,29.8,31,0
1,77,56,33.3,24,0
4,132,0,32.9,23,1
0,105,0,29.6,46,0
0,57,0,21.7,67,0
0,127,210,36.3,23,0
3,129,155,36.4,32,1
8,100,215,39.4,43,1
3,128,190,32.4,27,1
10,90,0,34.9,56,1
4,84,56,39.5,25,0
1,88,76,32,29,0
8,186,225,34.5,37,1
5,187,207,43.6,53,1
4,131,166,33.1,28,0
1,164,67,32.8,50,0
4,189,0,28.5,37,0
1,116,0,27.4,21,0
3,84,106,31.9,25,0
6,114,0,27.8,66,0
1,88,44,29.9,23,0
1,84,115,36.9,28,0
7,124,215,25.5,37,0
1,97,0,38.1,30,0
8,110,0,27.8,58,0
11,103,0,46.2,42,0
11,85,0,30.1,35,0
6,125,0,33.8,54,1
0,198,274,41.3,28,1
1,87,77,37.6,24,0
6,99,54,26.9,32,0
0,91,0,32.4,27,0
2,95,88,26.1,22,0
1,99,18,38.6,21,0
6,92,126,32,46,0
4,154,126,31.3,37,0
0,121,165,34.3,33,1
3,78,0,32.5,39,0
2,130,0,22.6,21,0
3,111,44,29.5,22,0
2,98,120,34.7,22,0
1,143,330,30.1,23,0
1,119,63,35.5,25,0
6,108,130,24,35,0
2,118,0,42.9,21,1
10,133,0,27,36,0
2,197,0,34.7,62,1
0,151,0,42.1,21,1
6,109,0,25,27,0
12,121,0,26.5,62,0
8,100,0,38.7,42,0
8,124,600,28.7,52,1
1,93,0,22.5,22,0
8,143,0,34.9,41,1
6,103,0,24.3,29,0
3,176,156,33.3,52,1
0,73,0,21.1,25,0
11,111,0,46.8,45,1
2,112,140,39.4,24,0
3,132,0,34.4,44,1
2,82,115,28.5,25,0
6,123,230,33.6,34,0
0,188,185,32,22,1
0,67,0,45.3,46,0
1,89,25,27.8,21,0
1,173,0,36.8,38,1
1,109,120,23.1,26,0
1,108,0,27.1,24,0
6,96,0,23.7,28,0
1,124,0,27.8,30,0
7,150,126,35.2,54,1
4,183,0,28.4,36,1
1,124,0,35.8,21,0
1,181,293,40,22,1
1,92,41,19.5,25,0
0,152,272,41.5,27,0
1,111,182,24,23,0
3,106,158,30.9,24,0
3,174,194,32.9,36,1
7,168,321,38.2,40,1
6,105,0,32.5,26,0
11,138,144,36.1,50,1
3,106,0,25.8,27,0
6,117,0,28.7,30,0
2,68,15,20.1,23,0
9,112,0,28.2,50,1
0,119,0,32.4,24,1
2,112,160,38.4,28,0
2,92,0,24.2,28,0
6,183,0,40.8,45,0
0,94,115,43.5,21,0
2,108,0,30.8,21,0
4,90,54,37.7,29,0
0,125,0,24.7,21,0
0,132,0,32.4,21,0
5,128,0,34.6,45,0
4,94,0,24.7,21,0
7,114,0,27.4,34,1
0,102,90,34.5,24,0
2,111,0,26.2,23,0
1,128,183,27.5,22,0
10,92,0,25.9,31,0
13,104,0,31.2,38,1
5,104,0,28.8,48,0
2,94,66,31.6,23,0
7,97,91,40.9,32,1
1,100,46,19.5,28,0
0,102,105,29.3,27,0
4,128,0,34.3,24,0
6,147,0,29.5,50,1
4,90,0,28,31,0
3,103,152,27.6,27,0
2,157,440,39.4,30,0
1,167,144,23.4,33,1
0,179,159,37.8,22,1
11,136,130,28.3,42,1
0,107,0,26.4,23,0
1,91,100,25.2,23,0
1,117,106,33.8,27,0
5,123,77,34.1,28,0
2,120,0,26.8,27,0
1,106,135,34.2,22,0
2,155,540,38.7,25,1
2,101,90,21.8,22,0
1,120,200,38.9,41,0
11,127,0,39,51,0
3,80,70,34.2,27,1
10,162,0,27.7,54,0
1,199,0,42.9,22,1
8,167,231,37.6,43,1
9,145,130,37.9,40,1
6,115,0,33.7,40,1
1,112,132,34.8,24,0
4,145,0,32.5,70,1
10,111,0,27.5,40,1
6,98,190,34,43,0
9,154,100,30.9,45,0
6,165,168,33.6,49,0
1,99,0,25.4,21,0
10,68,49,35.5,47,0
3,123,240,57.3,22,0
8,91,0,35.6,68,0
6,195,0,30.9,31,1
9,156,0,24.8,53,1
0,93,0,35.3,25,0
3,121,0,36,25,1
2,101,265,24.2,23,0
2,56,45,24.2,22,0
0,162,0,49.6,26,1
0,95,105,44.6,22,0
4,125,0,32.3,27,1
5,136,0,0,69,0
2,129,205,33.2,25,0
3,130,0,23.1,22,0
1,107,0,28.3,29,0
1,140,180,24.1,23,0
1,144,180,46.1,46,1
8,107,0,24.6,34,0
13,158,0,42.3,44,1
2,121,95,39.1,23,0
7,129,125,38.5,43,1
2,90,0,23.5,25,0
7,142,480,30.4,43,1
3,169,125,29.9,31,1
0,99,0,25,22,0
4,127,155,34.5,28,0
4,118,0,44.5,26,0
2,122,200,35.9,26,0
6,125,0,27.6,49,1
1,168,0,35,52,1
2,129,0,38.5,41,0
4,110,100,28.4,27,0
6,80,0,39.8,28,0
10,115,0,0,30,1
2,127,335,34.4,22,0
9,164,0,32.8,45,1
2,93,160,38,23,1
3,158,387,31.2,24,0
5,126,22,29.6,40,0
10,129,0,41.2,38,1
0,134,291,26.4,21,0
3,102,0,29.5,32,0
7,187,392,33.9,34,1
3,173,185,33.8,31,1
10,94,0,23.1,56,0
1,108,178,35.5,24,0
5,97,0,35.6,52,1
4,83,0,29.3,34,0
1,114,200,38.1,21,0
1,149,127,29.3,42,1
5,117,105,39.1,42,0
1,111,0,32.8,45,0
4,112,0,39.4,38,0
1,116,180,36.1,25,0
0,141,0,32.4,22,0
2,175,0,22.9,22,0
2,92,0,30.1,22,0
3,130,79,28.4,34,1
8,120,0,28.4,22,1
2,174,120,44.5,24,1
2,106,165,29,22,0
2,105,0,23.3,53,0
4,95,0,35.4,28,0
0,126,120,27.4,21,0
8,65,0,32,42,0
2,99,160,36.6,21,0
1,102,0,39.5,42,1
11,120,150,42.3,48,1
3,102,94,30.8,26,0
1,109,116,28.5,22,0
9,140,0,32.7,45,1
13,153,140,40.6,39,0
12,100,105,30,46,0
1,147,0,49.3,27,1
1,81,57,46.3,32,0
3,187,200,36.4,36,1
6,162,0,24.3,50,1
4,136,0,31.2,22,1
1,121,74,39,28,0
3,108,0,26,25,0
0,181,510,43.3,26,1
8,154,0,32.4,45,1
1,128,110,36.5,37,1
7,137,0,32,39,0
0,123,0,36.3,52,1
1,106,0,37.5,26,0
6,190,0,35.5,66,1
2,88,16,28.4,22,0
9,170,0,44,43,1
9,89,0,22.5,33,0
10,101,180,32.9,63,0
2,122,0,36.8,27,0
5,121,112,26.2,30,0
1,126,0,30.1,47,1
1,93,0,30.4,23,0
